text,label
You’ve charged me after deactivation  ,billing
No warranty included  ,product
This is the third time this happened  ,billing
Where did this mystery upgrade come from?  ,billing
How many times do I have to call?  ,billing
My name isn’t even on this account.  ,billing
Everything inside was melted and useless  ,delivery
No lock mechanism  ,product
I explicitly said “leave at front desk”—ignored  ,delivery
I’m done being overcharged  ,billing
Received with stains  ,product
Why do I always get someone else’s order?  ,delivery
That’s not the plan I picked  ,billing
You gave my order to the wrong person  ,delivery
You forgot to include the charger  ,product
You delayed the delivery and didn’t tell me  ,delivery
I’ve had enough of late deliveries  ,delivery
They delivered to the garage without asking  ,delivery
Why did you withdraw from my account?  ,billing
I was told there'd be no charge until next month.  ,billing
Torn fabric out of the box  ,product
There’s a permanent marker line on it  ,product
It looks nothing like the ad  ,product
Item fell apart in shipping  ,product
Items were open when I received them  ,delivery
My usage doesn’t justify this charge.  ,billing
I asked for signature confirmation and it was ignored  ,delivery
Charger cable is frayed  ,product
Fan is super loud  ,product
Looks nothing like the ad  ,product
Driver never approached the house  ,delivery
My order is 3 days late  ,delivery
There are holes in the material  ,product
Package was stolen because it wasn’t hidden  ,delivery
Screen is unresponsive  ,product
The box had someone else’s name on it  ,delivery
I need a detailed bill  ,billing
Nothing ever arrives on time with you  ,delivery
No padding as promised  ,product
I can’t believe how badly this was handled  ,delivery
No serial number  ,product
Packaging was completely ripped  ,product
Not compatible with anything I own  ,product
How did my bill end up being this high?  ,billing
How can you bill someone without consent?  ,billing
The site glitched and now I’m paying more.  ,billing
This invoice makes absolutely no sense.  ,billing
Please tell me why I still don’t have my order  ,delivery
I want a refund—nothing arrived  ,delivery
Coating flakes off  ,product
There’s no breakdown of charges  ,billing
The box was already open when I got it  ,delivery
You can’t keep messing this up  ,delivery
There’s no excuse for this delay  ,delivery
Doesn’t inflate properly  ,product
That’s not what I was told  ,billing
How is this fee still showing up?  ,billing
Where is my signature-required delivery?  ,delivery
The trial ended early and I got charged  ,billing
Stickers all over the product  ,product
Doesn’t attach securely  ,product
Doesn’t have the advertised features  ,product
The app said “delivered”—but where?  ,delivery
Suction is very weak  ,product
Tracking says delivered to a “safe place”—where?!  ,delivery
I’ve already complained and nothing changed  ,delivery
Please stop debiting my account  ,billing
This delay cost me a client  ,delivery
Why is the statement blank?  ,billing
"The charge was declined, but still pending  ",billing
Spout is bent  ,product
This is the worst delivery service  ,delivery
Hinge is wobbly  ,product
You billed the wrong department.  ,billing
I never approved this change in delivery  ,delivery
I see a fee that shouldn’t be there.  ,billing
This is clearly a cheap knockoff  ,product
Why did the price go up?  ,billing
The zipper broke immediately  ,product
I never gave you permission to charge  ,billing
I expected better from your company  ,billing
Driver dumped it in a random hallway  ,delivery
Driver refused to hand it to me  ,delivery
The stitching is coming undone  ,product
You didn’t apply the store credit I had.  ,billing
They just threw it over the gate  ,delivery
No plug adapter included  ,product
This isn't even my package  ,delivery
Too many missing parts  ,product
Left at the wrong building  ,delivery
Still no sign of my package  ,delivery
This isn’t my order  ,delivery
Paint is rubbing off already  ,product
You keep increasing the amount without telling me.  ,billing
You sent a different color entirely  ,product
The cord is frayed and unsafe  ,product
You keep charging me even after I left  ,billing
It was supposed to be wireless  ,product
One side doesn’t function  ,product
Item looks like it’s been returned before  ,product
The battery exploded  ,product
Still no sign of my groceries—what's going on?  ,delivery
The app won’t even let me report missing items  ,delivery
The clasp is broken  ,product
Still being billed after refund request  ,billing
There’s a chip in the ceramic  ,product
Why charge me before the trial ends?  ,billing
Tracking hasn't updated in over a week  ,delivery
"Advertised as metal, it’s plastic  ",product
It makes a weird buzzing sound  ,product
My signature was forged on the delivery confirmation  ,delivery
I’m tired of repeating myself  ,billing
This is ruining my finances  ,billing
You keep charging me for nothing  ,billing
"This is clearly used, not new  ",product
I want a replacement immediately  ,product
Package smells like it went bad  ,delivery
That’s not what my receipt says.  ,billing
This should be free for members  ,billing
Please stop leaving my packages in unsafe spots  ,delivery
It doesn’t match the description at all  ,product
This was supposed to renew at a lower price.  ,billing
It arrived broken in the box  ,product
This is the third time you've delayed my order  ,delivery
Item was thrown over my fence  ,product
Power cord doesn’t fit  ,product
Zipper ripped the first day  ,product
Sticker is off-center  ,product
I want proof of this charge  ,billing
I signed up with a discount that never applied.  ,billing
I was home all day and still missed the delivery  ,delivery
"Wrong package, wrong address  ",delivery
Your system auto-charged before confirmation.  ,billing
Power switch gets stuck  ,product
That was supposed to be waived.  ,billing
It says signed by me—I never signed anything  ,delivery
Tracking shows delivered five days ago—nothing here  ,delivery
I’ve never seen this charge before  ,billing
I left delivery instructions that weren’t followed  ,delivery
This delay is messing up my plans  ,delivery
You sent the wrong version number  ,product
Why does this happen every time I order?  ,delivery
This isn’t even my account  ,billing
My profile shows zero usage.  ,billing
Spilled inside the packaging  ,product
This is the last time I order from you  ,delivery
No protective wrapping included  ,product
Can’t download the app  ,product
They claimed I canceled the delivery—false  ,delivery
I demand an immediate reversal  ,billing
It was left outside and someone stole it  ,delivery
I'm tired of chasing my deliveries  ,delivery
All the pages are stuck together  ,product
The dates don’t match the billing cycle.  ,billing
You’re charging me more than advertised  ,billing
Unexplained fee showed up  ,billing
Why is my delivery three days late?  ,delivery
My order is melted  ,delivery
This isn’t the payment plan I selected.  ,billing
The package is missing pieces  ,delivery
How can the total be more than the subtotal?  ,billing
I caught the driver on camera skipping my house  ,delivery
Item was crushed during transit—completely unacceptable  ,delivery
Package was torn open  ,delivery
Smells weird and seems unsafe  ,product
Doesn’t match the description at all  ,product
You charged me before my free trial ended.  ,billing
Paint smells toxic and unbearable  ,product
Wobbly out of the box  ,product
Cheap plastic feel  ,product
My order is incomplete  ,delivery
Why am I paying for another user’s error?  ,billing
Loud and annoying noise  ,product
Zipper jammed instantly  ,product
They never rang the bell  ,delivery
Items are missing from the bag  ,delivery
Why leave packages where anyone can steal them?  ,delivery
Tracking number isn’t even valid  ,delivery
Your system is out of sync  ,billing
You didn’t get authorization for that charge.  ,billing
There’s no explanation on the bill.  ,billing
Wrong serial number  ,product
I rejected the terms and still got billed.  ,billing
I need this urgently and it’s nowhere  ,delivery
You sent it to an old address despite my update  ,delivery
Driver refused to wait even 30 seconds  ,delivery
Stitches are already loose  ,product
Your driver gave it to a neighbor without asking  ,delivery
This wasn’t even in my cart.  ,billing
I never opted in for this service  ,billing
This is obviously a used item  ,product
I feel cheated  ,product
Stop charging me for features I don’t use.  ,billing
The charging cable sparks  ,product
My payment plan isn’t reflected here  ,billing
Still not fixed after chat with support  ,billing
Takes forever to boot  ,product
I didn’t make this purchase  ,billing
This isn’t compatible as claimed  ,product
You charged me for shipping twice  ,product
Can’t even assemble it properly  ,product
Came without the power cable included  ,product
I already paid—why charge again?  ,billing
Device overheats within minutes  ,product
Unstable connection  ,product
I feel like I’m being scammed  ,billing
This is not the time I selected  ,delivery
Came with cracked parts  ,product
This delay messed up my whole schedule  ,delivery
Is this how you treat loyal customers?  ,billing
No one told me the price changed.  ,billing
The box is soaked and smells bad  ,delivery
Cracked mirror  ,product
Sticky residue on surface  ,product
No delivery note was left  ,delivery
The drawer doesn’t close all the way  ,product
You’ve lost me as a customer  ,product
Package left in the wrong mailbox  ,delivery
Wobbly and unstable  ,product
I asked to cancel before renewal  ,billing
Your math doesn’t check out.  ,billing
My usage graph is flat—why the charge?  ,billing
Package says fragile but it wasn’t protected  ,product
It tears just from touching it  ,product
Speaker is muffled  ,product
Your driver blocked my driveway and then left  ,delivery
Received the wrong pattern  ,product
Driver left it in the hallway—stolen  ,delivery
This service should’ve been paused  ,billing
Where’s the credit you promised?  ,billing
Just a piece of junk  ,product
I expected way better quality  ,product
The dial is stuck  ,product
It falls apart when touched  ,product
Nothing fits like it should  ,product
Why do your drivers skip buildings entirely?  ,delivery
The charge date is incorrect  ,billing
Item does not power  ,product
They dumped it in front of someone else’s unit  ,delivery
Left it in a snowbank  ,delivery
Wheels fall off easily  ,product
I paid in full—why another charge?  ,billing
Still missing one of my boxes  ,delivery
The instructions are completely useless  ,product
Parts arrived dirty  ,product
Glass has bubbles inside  ,product
I asked for back door—they ignored it  ,delivery
This isn’t a premium feature  ,billing
You charged me even though I used a gift card.  ,billing
It squeaks constantly  ,product
Misaligned buttons  ,product
Cable doesn’t fit the device  ,product
Battery compartment won’t open  ,product
No one mentioned this in the agreement.  ,billing
This has become a monthly headache  ,billing
Why is my balance negative?  ,billing
Buckle popped off  ,product
Wrong measurement units  ,product
Not as soft as described  ,product
It doesn’t recognize input  ,product
My pet’s food arrived two days late  ,delivery
Lights flicker and won’t stay on  ,product
Your “free” trial is a joke  ,billing
It’s showing a monthly fee I never agreed to.  ,billing
Why was my package left in the rain?  ,delivery
I got a used product  ,product
What is this processing fee for?  ,billing
Your delivery window is useless—it never shows up  ,delivery
This fee isn’t mine.  ,billing
You forgot to remove the security tag  ,product
Backlight not working  ,product
Your email receipt shows a different amount  ,billing
Why am I being overcharged constantly?  ,billing
Why am I paying for this twice?  ,billing
"Package left on the curb, completely unacceptable  ",delivery
One earbud doesn’t work  ,product
Item looks used and has scratches everywhere  ,product
Another missing delivery—this is ridiculous  ,delivery
Items inside are smashed  ,delivery
Please stop charging my card  ,billing
I paid in store—why the online charge?  ,billing
I can’t find my order anywhere  ,delivery
Already showing rust spots  ,product
Driver didn’t come up to my door  ,delivery
Everything rattles inside  ,product
Doesn’t work at all out of the box  ,product
The refund still hasn’t arrived  ,billing
No one told me about this extra cost  ,billing
I never got an invoice  ,billing
Where’s the student discount?  ,billing
You owe me an explanation  ,billing
This charge was unexpected and unexplained  ,billing
Not Alexa compatible  ,product
Item smells moldy  ,product
No tracking updates for days—what’s going on?  ,delivery
Received a completely different item  ,product
Straps broke immediately  ,product
Get this off my bill  ,billing
"I asked for a downgrade, not an upgrade.  ",billing
I called support—no one helped  ,delivery
It was marked delivered before it even left  ,delivery
Nothing aligns properly  ,product
You’re charging me for something I didn’t receive  ,billing
My item was delivered to the wrong door  ,delivery
It’s 10pm and still no delivery  ,delivery
Fix this or I’ll file a complaint  ,billing
I received only part of my order  ,delivery
The driver never made it past the gate  ,delivery
You billed me for a service I haven’t touched.  ,billing
This needs immediate attention  ,billing
The delivery photo is not my house  ,delivery
This service keeps failing me  ,delivery
Hose is too short  ,product
It smells like cigarette smoke  ,product
I didn’t receive everything I paid for  ,delivery
The display flickers constantly  ,product
This is getting ridiculous  ,billing
My order was given to the wrong person  ,delivery
Arrived late despite paying for fast shipping  ,product
Food was upside down and leaking  ,delivery
I’m seeing extra charges again  ,billing
I never asked for this add-on  ,billing
You sent the wrong voltage version  ,product
It was the wrong delivery altogether  ,delivery
Arrived three weeks late  ,product
The mechanism is stuck  ,product
Wheels don’t roll smoothly  ,product
Rust forming already  ,product
Your free trial is a scam  ,billing
You auto-filled the wrong plan.  ,billing
The delivery guy dropped it and drove off  ,delivery
I’m being double-billed.  ,billing
Arrived covered in dust and grime  ,product
It was delivered hours late and destroyed  ,delivery
Driver pretended to attempt delivery  ,delivery
My payment wasn’t applied correctly  ,billing
It won’t even open  ,product
This has been mishandled completely  ,billing
There’s nothing in the order summary about this.  ,billing
Driver went to a different street  ,delivery
Switch doesn’t toggle  ,product
This doesn’t match the email confirmation  ,billing
Stop billing me for a closed account.  ,billing
Where is the itemized breakdown?  ,billing
"I asked for a pause, not cancellation and charge.  ",billing
Why did it go to another city first?  ,delivery
They said “delivered” but nothing is here  ,delivery
Phone holder is crooked  ,product
Doesn’t hold a charge  ,product
Fell apart within a day  ,product
You ignored my cancellation  ,product
Hard to assemble with no guide  ,product
These upsells are sneaky  ,billing
It looks like fraud  ,billing
Why charge a fee for canceling a trial?  ,billing
You keep delivering to the wrong house  ,delivery
Package is leaking  ,delivery
You skipped my delivery altogether  ,delivery
Already rusting after two days  ,product
Your calculator is way off.  ,billing
Why can’t anyone get this right?  ,delivery
"This is the wrong amount, plain and simple.  ",billing
Driver said no one was home but I was  ,delivery
No text or call before arrival  ,delivery
Why was my item dumped at the leasing office?  ,delivery
Still no help from customer service  ,delivery
Nothing about this charge is right.  ,billing
No one contacted me before dropping it  ,delivery
Driver didn’t wait for me to answer  ,delivery
Why am I paying for premium?  ,billing
I regret this purchase  ,product
My food was delivered to the wrong building  ,delivery
The motor makes grinding sounds  ,product
No support materials included  ,product
You said it was fixed. It’s not.  ,billing
This is unacceptable service  ,delivery
Why was I billed for something I never used?  ,billing
Doesn’t play audio correctly  ,product
"The tracking just says ""delayed"" forever  ",delivery
"Wrong color, wrong size, wrong everything  ",product
It keeps disconnecting from Wi-Fi  ,product
Please correct your mistake  ,billing
The lid doesn’t close properly  ,product
Fix your mistake immediately  ,billing
"Tracking says it’s here, but it’s not  ",delivery
I canceled and still got a bill.  ,billing
Cracked charger brick  ,product
Clearly a return  ,product
Stop billing me for paused services.  ,billing
I expect this to be fixed today  ,billing
They just left it in the elevator  ,delivery
Button fell off the first day  ,product
One piece was warped  ,product
Glue is visible everywhere  ,product
Package was marked delivered but it’s nowhere  ,delivery
My card was charged multiple times  ,billing
This is a complete mess—do better  ,delivery
Why was it delivered at midnight?  ,delivery
"Wrong time, wrong date, wrong address  ",delivery
One leg is shorter than the others  ,product
I’ve called three times and nothing’s fixed  ,billing
Item is completely warped  ,product
The charge is completely invalid  ,billing
You’ve overdrawn my account  ,billing
I won’t tolerate this again  ,billing
"You promised 3 items, I got one  ",product
The package is completely destroyed  ,delivery
The breakdown is totally inaccurate  ,billing
Came in the wrong packaging  ,product
This is the third late delivery this week  ,delivery
I asked for a specific date—why ignore that?  ,delivery
Grill top is warped  ,product
That feature was supposed to be included.  ,billing
Doesn’t come with the advertised remote  ,product
You ruined a surprise gift by delivering early  ,delivery
This isn’t what I agreed to pay  ,billing
You charged me for something I didn’t get  ,delivery
Driver was extremely careless  ,delivery
The box is empty—what kind of joke is this?  ,delivery
It won’t even turn on  ,product
They didn’t even try to contact me  ,delivery
The app crashed and still charged me.  ,billing
The charge is higher than the quote  ,billing
The app required to use it is broken  ,product
The rep I spoke to gave me different info.  ,billing
There’s no receipt for this transaction.  ,billing
"No notification, just a charge out of nowhere.  ",billing
This amount is higher than what I approved.  ,billing
You marked it delivered at 2AM  ,delivery
Horrible aftertaste  ,product
This charge is dated after I canceled  ,billing
The mechanism sticks constantly  ,product
"Still waiting, it's been over ten days now  ",delivery
Driver marked it delivered from another city  ,delivery
Still no resolution after three emails  ,billing
My kid cut themselves on a sharp edge  ,product
Feels greasy to touch  ,product
Torn pages in the book  ,product
Lens is scratched  ,product
Case doesn’t close properly  ,product
I don’t trust your billing anymore  ,billing
"Supposed to be leather, but it’s not  ",product
The driver never came to my door  ,delivery
I’m being ignored  ,product
My subscription ended last month  ,billing
You didn’t mention an activation fee  ,billing
No instructions were included  ,product
The product was soaking wet when opened  ,product
I stayed home and waited—what a waste  ,delivery
I canceled two weeks ago—why was I billed?  ,billing
It’s way too sharp  ,product
You’ve lost my order for the second time  ,delivery
Sound quality is terrible  ,product
This bill has someone else’s email on it.  ,billing
There’s no way this passed quality control  ,delivery
The zipper broke the first time I used it  ,product
It was dumped on the stairs  ,delivery
Still waiting and no one responds  ,delivery
You sent the demo unit  ,product
This makes absolutely no sense.  ,billing
Delivery person didn’t even try to find my unit  ,delivery
I didn’t agree to monthly billing  ,billing
I got charged after I opted out  ,billing
Every part feels misaligned  ,product
Your billing system is a mess  ,billing
This shouldn’t even be sellable  ,product
You never got my permission  ,billing
Package was dumped behind a bush  ,delivery
You left it where anyone could grab it  ,delivery
The lock mechanism doesn’t work  ,product
Power button recessed  ,product
You promised this would be free  ,billing
The driver mixed up units again  ,delivery
I caught this charge too late.  ,billing
Outdated version sent  ,product
This bill is full of mistakes  ,billing
Package left in puddle  ,delivery
You promised no charges until activation.  ,billing
I received an empty box—completely unacceptable  ,delivery
You said it’d be here today. It’s not.  ,delivery
The total jumped at checkout without explanation.  ,billing
Billing history looks suspicious  ,billing
Looks counterfeit  ,product
Your invoice has errors—again.  ,billing
I don’t owe this amount  ,billing
The numbers on the invoice just don’t match.  ,billing
"No one rang the bell, again  ",delivery
"No transparency, just more fees  ",billing
I keep receiving damaged goods  ,delivery
Your chatbot confirmed there’d be no charge.  ,billing
I received a torn-up box with missing items  ,delivery
Device constantly restarts  ,product
No tracking updates were available  ,product
I didn’t approve that delivery location  ,delivery
Came with missing screws  ,product
You said this would be fixed last week  ,billing
You charged me during the grace period.  ,billing
The driver didn’t even slow down  ,delivery
They left it in the lobby—again  ,delivery
This is a complete shipping failure  ,delivery
Fan blades bent  ,product
I didn’t receive an invoice  ,billing
This doesn’t match the agreed-upon rate  ,billing
I got someone else’s bill.  ,billing
They didn’t wait long enough  ,delivery
Not rechargeable as claimed  ,product
The blade is dull and chipped  ,product
I didn’t ask for expedited shipping  ,billing
Returns are being ignored  ,product
Driver never entered the building  ,delivery
The device shocked me on use  ,product
That upgrade wasn’t authorized.  ,billing
The clip broke in my hand  ,product
This was a gift and now it’s ruined  ,delivery
I asked for signature but got none  ,delivery
Your website said no charges during trial  ,billing
Why am I being punished for your error?  ,billing
Batteries leak  ,product
I was logged out and still charged.  ,billing
The hose leaks  ,product
I asked to cancel. You said it was done.  ,billing
This late fee is outrageous.  ,billing
"Advertised as waterproof, but it’s not  ",product
No way to turn it off  ,product
Buttons don’t press  ,product
How can you mess this up again?  ,billing
This bill is a mess.  ,billing
You never fixed the original delivery issue  ,delivery
No one mentioned auto-renewal  ,billing
The inner lining is torn  ,product
Battery compartment doesn’t open  ,product
Why does it say I received it?  ,delivery
My parcel got delivered to the wrong state  ,delivery
Driver dropped it while walking away  ,delivery
Stop changing the terms after the fact.  ,billing
The package arrived soaking wet and unusable  ,delivery
That feature isn’t even active.  ,billing
You delivered to the wrong apartment again  ,delivery
Delivery driver sped away without stopping  ,delivery
This has now happened three times  ,delivery
You charged me and then canceled the service.  ,billing
Don’t charge me again  ,billing
I thought I canceled successfully  ,billing
Package arrived soaked  ,product
My order melted on the doorstep  ,delivery
Doesn’t detect touch  ,product
Pen tip is broken  ,product
I never received my birthday gift  ,delivery
Someone else signed for my package  ,delivery
I gave instructions to come to my door which were not followed  ,delivery
Your system keeps charging my old card.  ,billing
It’s always something with your billing  ,billing
My account doesn’t reflect the changes.  ,billing
Buttons pop off with minimal pressure  ,product
Lights don’t sync  ,product
Why is there a service fee again?  ,billing
Still waiting for last month’s correction  ,billing
It’s been delayed three times now  ,delivery
I didn’t approve this payment  ,billing
Pieces don’t fit together  ,product
Tracking shows it’s in a different city  ,delivery
Only works intermittently  ,product
Mounting hardware missing  ,product
Why do I have a late fee?  ,billing
You said the first month was free  ,billing
I gave clear instructions—they were ignored  ,delivery
Fix your records before billing me.  ,billing
The wrong items were thrown into a box  ,delivery
The plug doesn’t fit US sockets  ,product
The magnet doesn’t hold  ,product
Too much background noise  ,product
Fix your billing system.  ,billing
Why is the charge split in two?  ,billing
How can it be delivered if I have nothing?  ,delivery
"No one knocked, no note, no package  ",delivery
Why does this charge keep reappearing every month?  ,billing
Glue already peeling  ,product
Stop blaming me for your mistake  ,delivery
They took a photo of someone else’s porch  ,delivery
Mouse doesn’t click  ,product
Why is my food cold and soggy?  ,delivery
It’s been “out for delivery” for 3 days  ,delivery
Why is there a random fee here?  ,billing
Driver ignored my note completely  ,delivery
My order is sitting in a facility two towns over  ,delivery
I got charged twice for one item  ,product
Still not fixed after multiple tickets  ,billing
I want a full refund  ,product
Very stiff and uncomfortable  ,product
How can you charge without verification?  ,billing
Where’s the promised promotional rate?  ,billing
You marked my order completed without delivery  ,delivery
"This is the third ""lost"" delivery this month  ",delivery
This is not what I ordered  ,product
Where’s my subscription status update?  ,billing
Color started bleeding in the wash  ,product
I already disputed this charge.  ,billing
Footrest fell off  ,product
There’s no explanation for this random charge.  ,billing
Padding is lumpy  ,product
My medication was delayed—this is serious  ,delivery
There are sharp edges on the product  ,product
Why are you using such unreliable couriers?  ,delivery
Buttons are stuck and don’t respond  ,product
My groceries are spoiled  ,delivery
It says $0 on the confirmation page.  ,billing
This is not the model I ordered  ,product
This isn’t what your website said.  ,billing
The breakdown doesn’t match the actual bill.  ,billing
I found food crumbs inside  ,product
I didn’t authorize this delivery location  ,delivery
No cable included  ,product
Food arrived rotten  ,product
I was told it’d be fixed—it's not  ,billing
Battery died after ten minutes of use  ,product
Poorly assembled  ,product
"I downgraded, but I’m still paying the full rate.  ",billing
I paused the service but still got charged  ,billing
Tracking stopped updating  ,delivery
Wrong size and doesn’t fit at all  ,product
Cloth is fraying at the edges  ,product
This was clearly returned by someone else  ,product
This was declined—why was it processed anyway?  ,billing
Doesn’t support my device  ,product
Completely the wrong shade of blue  ,product
Why’s my bill always changing?  ,billing
It was left in plain sight  ,delivery
Your breakdown doesn’t match the total.  ,billing
This is the second time this month.  ,billing
The box was torn open on arrival  ,delivery
You said it was free for early users.  ,billing
I disputed this already—why is it back?  ,billing
Said waterproof but it leaks  ,product
You’ve messed up my budget  ,billing
Why is no one responding?  ,product
Shuts off randomly  ,product
You’ve delivered to the wrong address AGAIN  ,delivery
Items were clearly tampered with  ,delivery
My invoice doesn’t match the total  ,billing
How did this pass quality check?  ,product
The box was clearly tampered with  ,delivery
Still no update after promised delivery time  ,delivery
Arrived without a charger  ,product
Driver left it by the wrong door  ,delivery
"Nothing has arrived, again  ",delivery
You made another billing error  ,billing
You sent a child’s size  ,product
Label says refurbished  ,product
Nothing has changed—why is the charge higher?  ,billing
You added features I didn’t ask for.  ,billing
Why do they keep messing up my address?  ,delivery
Driver used the wrong entrance  ,delivery
Wristband too short  ,product
Squeaks loudly  ,product
"You said ""attempted delivery"" but never came  ",delivery
"Wrong time, again  ",delivery
Driver didn’t speak to anyone  ,delivery
You sent it to a closed store  ,delivery
I didn’t finish signing up.  ,billing
You charged me for a month I didn’t use.  ,billing
You’ve now made it worse  ,billing
You rescheduled without my consent  ,delivery
You sent me the wrong product entirely  ,product
How can a free trial cost money?  ,billing
This isn’t what I signed up for  ,billing
How does a package go missing this often?  ,delivery
You keep delivering broken stuff  ,delivery
The box is crushed and taped poorly  ,delivery
This is my fourth complaint this month  ,delivery
Doesn’t match product images  ,product
I caught another charge from last week.  ,billing
Driver walked away before I opened the door  ,delivery
Package is crushed and soaked  ,delivery
Sound is distorted and tinny  ,product
You billed me before the contract start.  ,billing
You sent me someone else’s stuff  ,delivery
Where’s the rest of my order?  ,delivery
They didn’t even try the correct unit  ,delivery
No one ever answers my complaints  ,delivery
Where is my weekend delivery?  ,delivery
Even the email confirmation has the wrong total.  ,billing
They left it behind the trash cans  ,delivery
This is worse than my last experience  ,delivery
You’ve delayed my order four times now  ,delivery
It’s missing the remote control  ,product
Driver refused to come upstairs  ,delivery
There’s a double charge on my card  ,billing
The motor makes a grinding sound  ,product
You billed the wrong customer  ,billing
I paid in full. Why am I being charged again?  ,billing
Just fix this now  ,product
I’ve been waiting weeks for this  ,delivery
The screen is completely unresponsive  ,product
My subscription was supposed to end  ,billing
The strap snapped instantly  ,product
The velcro won’t stick  ,product
I watched the driver leave without delivering  ,delivery
Handle snapped right off while opening  ,product
Your website misled me.  ,billing
How did my basic plan turn into premium pricing?  ,billing
You delayed it again without informing me  ,delivery
The service has gone downhill  ,delivery
I didn’t sign up for this plan  ,billing
Someone else’s name is on this bill.  ,billing
I never got a confirmation email for this charge.  ,billing
Why does this keep happening?  ,billing
Why am I getting billed in advance?  ,billing
Fell apart after one use  ,product
All accessories are missing  ,product
The sale price did not register correctly.  ,billing
I followed up three times  ,product
Delivered to the wrong address  ,product
I never got notified about this charge  ,billing
I had to repair it myself  ,product
"I never clicked confirm, yet you charged me.  ",billing
That amount is nowhere on the site.  ,billing
This is the worst shipping experience I’ve had  ,delivery
Item was wet on arrival  ,product
Delivery support is impossible to reach  ,delivery
Can’t update the firmware  ,product
The driver clearly didn’t care  ,delivery
Wrong manual included  ,product
The packaging was torn open  ,product
I’m furious about this order  ,product
I only used it for one day  ,billing
No sound from left speaker  ,product
You dropped it off at the wrong block  ,delivery
Driver didn’t follow the instructions for safe drop-off  ,delivery
Something’s off with my bank statement  ,billing
My name isn’t even on the box  ,delivery
There’s no explanation for this charge  ,billing
You forgot the accessories listed in the description  ,product
Power bank won’t charge  ,product
Refuses to pair with my phone  ,product
Your records are wrong.  ,billing
Not adjustable as claimed  ,product
I had to retrieve my parcel from a neighbor  ,delivery
I’ve contacted support five times with no resolution  ,delivery
Clock is inaccurate  ,product
Paint smeared all over  ,product
This charge caught me by surprise  ,billing
I was billed during a system outage.  ,billing
I never enabled this option.  ,billing
Unstable when standing  ,product
The cable frays instantly  ,product
Arrived without instructions or labeling  ,product
Missing parts inside the package  ,product
Driver took a picture of someone else’s house  ,delivery
Your pricing chart is misleading.  ,billing
Your billing system is broken  ,billing
"No updates, no delivery, no apology  ",delivery
Why was my package delivered to a business address?  ,delivery
Delivery came after midnight—are you serious?  ,delivery
The color is totally different than advertised  ,product
Package contained someone else’s return  ,product
Driver refused to come to the door  ,delivery
I canceled two months ago.  ,billing
Package arrived open  ,product
Your driver left my order in the rain  ,delivery
Received completely wrong product  ,product
The delivery time keeps getting pushed back  ,delivery
Springs are popping out  ,product
Already stained straight out of the box  ,product
I used a gift card—why am I still being charged?  ,billing
It came in the wrong language  ,product
Wasn’t this included in my subscription?  ,billing
It was thrown over my fence  ,delivery
"It said one-time payment, not recurring!  ",billing
I want this reviewed immediately  ,billing
Nothing was communicated beforehand  ,billing
I had to chase down the delivery driver  ,delivery
Can’t hear anything through the speakers  ,product
Everything inside was scattered and loose  ,product
Why am I being charged while suspended?  ,billing
The delivery guy was rude and rushed  ,delivery
It’s been sitting at a warehouse for days  ,delivery
Scuffed and dented  ,product
Adhesive doesn’t stick  ,product
Doesn’t sync with the app  ,product
Handle doesn’t lock in place  ,product
Hinges are loose  ,product
Your courier ignored delivery instructions completely  ,delivery
This bill just showed up with no explanation.  ,billing
You charged me in error  ,billing
Someone else’s name is on my box  ,delivery
I never got my refund or my item  ,delivery
Package said it was delivered but it’s clearly not  ,delivery
Wasn’t this supposed to be prorated?  ,billing
"This was a gift, now ruined  ",product
Everything about this is wrong  ,product
I don’t even use your service anymore.  ,billing
Arrived wet and moldy  ,product
The label was ripped off during shipping  ,delivery
Why was my package redirected without permission?  ,delivery
All lights flicker randomly  ,product
Who leaves a package in a storm drain?  ,delivery
You marked it as delivered late at night  ,delivery
You sent me someone’s return  ,product
Battery started leaking inside the compartment  ,product
Doesn’t even power on  ,product
I had credit left in my account.  ,billing
Bubbles under the screen  ,product
My account shows usage I never made.  ,billing
Can’t get it to stay upright  ,product
Timer doesn’t count down  ,product
Still waiting for a delivery that’s overdue  ,delivery
My account balance should be zero.  ,billing
This line item is fabricated.  ,billing
Wrong language on packaging  ,product
The invoice lacks basic details.  ,billing
My order keeps getting delayed  ,delivery
I had to go find my delivery  ,delivery
This has gone on too long  ,billing
The stitching is all over the place  ,product
Why does this happen every time?  ,delivery
I said no to auto-renew.  ,billing
The seams are loose  ,product
You sent me someone else’s order  ,product
I need a real explanation  ,billing
Won’t sync to cloud  ,product
the driver never came  ,delivery
Why did you cancel my delivery without telling me?  ,delivery
Already expired when I opened it  ,product
The seam burst while trying it on  ,product
You overcharged me this month!  ,billing
Frame is bent  ,product
It was left at the wrong building entirely  ,delivery
This bill has more items than I ordered.  ,billing
You said it was left at the front door—nothing there  ,delivery
What’s this “maintenance fee”?  ,billing
Half the features don’t work  ,product
What is this “processing charge”?  ,billing
The package was damaged beyond recognition  ,delivery
Why is there tape residue all over?  ,product
Keeps freezing and lagging  ,product
I don’t recognize this item  ,billing
Why does my neighbor have my package?  ,delivery
Driver left the gate wide open  ,delivery
Why am I being billed again?  ,billing
Only one earbud works  ,product
That’s not what my contract says  ,billing
"Still waiting, even though it was “on truck”  ",delivery
This keeps happening—I'm done ordering from you  ,delivery
I never agreed to this extra fee.  ,billing
Cooling system doesn’t work  ,product
Delivery was rescheduled again without notice  ,delivery
Battery won’t hold a charge  ,product
Filter came already dirty  ,product
Light never turns off  ,product
Item was mislabeled  ,product
Only half the product arrived  ,product
Can’t even plug it in  ,product
Driver claimed to leave it—nothing there  ,delivery
The delivery guy went to the wrong house  ,delivery
I can’t believe you lost my order again  ,delivery
I downgraded but still paid full price  ,billing
Scratches on all surfaces  ,product
The tax calculation is clearly wrong.  ,billing
This was a time-sensitive delivery  ,delivery
Pieces are misaligned and won’t fit  ,product
Package went back to sender without trying me  ,delivery
Makes loud clicking noise  ,product
Why wasn’t I notified of the delay?  ,delivery
Stop charging me for things I didn’t agree to  ,billing
"My receipt says one price, the charge is another.  ",billing
The product is warped  ,product
Item is scratched beyond repair  ,product
The magnet is so weak it’s useless  ,product
Why are you charging me in advance?  ,billing
You sent the wrong accessories  ,product
It’s way more than last month  ,billing
This was supposed to be corrected  ,billing
The box was ripped open  ,delivery
I have no idea where it was delivered  ,delivery
Won’t hold temperature  ,product
This has become a regular issue with you  ,delivery
You didn’t send an invoice. Just took the money.  ,billing
The driver damaged my property  ,delivery
My package is covered in dirt  ,delivery
The box is empty  ,delivery
Shipping box was empty  ,product
Armrest broke  ,product
I found my package in the bushes  ,delivery
My bill includes features I never used  ,billing
I got the wrong color  ,product
Support gave me copy-paste answers  ,product
"I clicked “no,” but it went through anyway.  ",billing
My delivery was split and now half is missing  ,delivery
Driver said I refused the delivery—false  ,delivery
No one has explained what happened to my order  ,delivery
I got billed for a feature test.  ,billing
Very poor signal  ,product
None of the buttons respond  ,product
"No proof of delivery, just a message  ",delivery
This bill is higher than usual  ,billing
My package has disappeared  ,delivery
Why didn’t I get a delivery confirmation?  ,delivery
"You ignored the ""leave with doorman"" note  ",delivery
Software is outdated  ,product
They delivered to a vacant property  ,delivery
You lost my delivery  ,delivery
There’s no justification for this fee  ,billing
"The label says fragile, but it was thrown around  ",delivery
I feel like I’m being tricked  ,billing
"You charged me twice, on different days.  ",billing
Was clearly repackaged  ,product
"I waited and waited, and nothing showed up  ",delivery
"Said eco-friendly, came in plastic  ",product
This is a total scam  ,product
Stop misbilling me  ,billing
There’s no paper trail for this bill.  ,billing
My account should be closed  ,billing
You never sent a renewal notice.  ,billing
Why was my account debited today?  ,billing
There was no delivery window provided  ,delivery
Driver keeps skipping my unit  ,delivery
That wasn’t in the contract.  ,billing
Where’s the adjustment from last time?  ,billing
I caught an error on this statement again.  ,billing
"I used points, but you charged me anyway.  ",billing
It buzzes even when turned off  ,product
I’m being charged for someone else’s account  ,billing
How is my total more than the item price?  ,billing
All the lights are out  ,product
Locks don’t click properly  ,product
No mounting instructions  ,product
Sprayer doesn’t work  ,product
Sound is distorted  ,product
Not stainless steel as claimed  ,product
There’s no breakdown—just a giant total.  ,billing
Driver said I wasn’t home—false  ,delivery
Delivery left at a random address  ,delivery
No carrying case included  ,product
The screen protector was already used  ,product
Why do I need to contact you to cancel?  ,billing
They left it out in a storm  ,delivery
Driver didn’t follow any instructions  ,delivery
Not even close to what’s in the photos  ,product
I stayed home just for this and nothing came  ,delivery
I needed that for today’s event  ,delivery
It says it’s delivered but the package vanished  ,delivery
No one told me about a service fee.  ,billing
They said I wasn’t available—I was  ,delivery
There’s a huge scratch across the screen  ,product
Item was clearly returned and resold  ,product
"I only ordered one, why charge me for three?  ",billing
This amount is inflated  ,billing
Too loud to even use  ,product
Why deliver late at night with no notice?  ,delivery
Material is nothing like what you described  ,product
Where’s the discount you promised?  ,billing
Paint has visible brush strokes  ,product
There’s a duplicate payment  ,billing
"Package is torn, items falling out  ",delivery
My receipt doesn’t match what was charged.  ,billing
Stop using photos as proof when nothing was there  ,delivery
Half my package is missing again  ,delivery
Paint is peeling  ,product
Nothing about this charge is what I expected.  ,billing
I want a supervisor now  ,billing
Your courier clearly lost my package  ,delivery
Driver didn’t follow the map  ,delivery
It came way after the event I needed it for  ,delivery
Nothing lines up properly  ,product
Panel won’t close  ,product
This charge is fraudulent  ,billing
My apartment number was ignored  ,delivery
Parcel was tossed into my bushes  ,delivery
Tool rusted after one use  ,product
It says delivered but I received nothing at all  ,delivery
The box was crushed flat  ,product
The stitching is completely uneven  ,product
I’ve been patient—this is ridiculous now  ,delivery
This is not a premium plan  ,billing
Grips are missing  ,product
This was not worth the money  ,product
Stop charging before the renewal date  ,billing
Still waiting for refund  ,product
"They didn’t even attempt to deliver, just marked it done  ",delivery
The fragile item was smashed into pieces  ,delivery
"I paid for express shipping, where is it?  ",delivery
I never signed up for automatic payments.  ,billing
Driver ignored the callbox entirely  ,delivery
I requested contactless delivery and it was handed off  ,delivery
I’m done dealing with your billing errors  ,billing
The mounting holes don’t line up  ,product
Won’t stay in place  ,product
Order is damaged and incomplete  ,delivery
Material is already pilling  ,product
Warranty card missing  ,product
Plastic melted in heat  ,product
The settings don’t save  ,product
Your system glitched and now I’m out $100.  ,billing
The package was left wide open outside  ,delivery
That’s not the amount I saw before clicking purchase.  ,billing
I've been waiting for 2 hours and nothing arrived  ,delivery
This wasn’t part of the original deal  ,billing
I was home but no one knocked  ,delivery
It doesn’t stand upright like it should  ,product
I only used it for one day.  ,billing
You didn’t include batteries  ,product
Why is this happening every week?  ,delivery
Plastic is cracked and sharp  ,product
Color bleeds when washed  ,product
Fix this or I’m closing my account. ,billing
This isn’t what the sales rep told me.  ,billing
Where’s the refund you promised last week?  ,billing
You sent the wrong item entirely  ,product
I’ve had enough of this nonsense  ,billing
These taxes seem way too high  ,billing
That isn’t the price I saw online.  ,billing
The amount is way off  ,billing
Fix this or I’m leaving  ,billing
Battery exploded  ,product
No one has responded to my delivery complaint  ,delivery
I waited at home for absolutely nothing  ,delivery
The box looks like it went through a war  ,delivery
Box was smashed  ,product
My card was charged even though I canceled last week.  ,billing
Already had cracks on it  ,product
The billing support is useless  ,billing
Touchscreen is totally inaccurate  ,product
"It’s been ""out for delivery"" for three days  ",delivery
Refund my money and cancel everything  ,billing
Never buying from here again  ,product
My package says delivered but nothing’s here  ,delivery
My apartment was skipped entirely  ,delivery
Nothing I signed up for included this cost.  ,billing
Switch doesn’t work  ,product
"Parcel dumped on the sidewalk, unbelievable  ",delivery
Very low resolution  ,product
Package was half-open on arrival  ,delivery
It’s stuck in transit and no one cares  ,delivery
Product failed instantly  ,product
Missing remote  ,product
Why is this not sorted yet?  ,billing
Nozzle clogs instantly  ,product
They delivered at 6am with no notice  ,delivery
The photo proof is a different house  ,delivery
Why is this still pending on my card?  ,billing
Overheats after short use  ,product
"Every time I order, it gets delayed  ",delivery
There’s no sign of the box anywhere  ,delivery
How did this charge get approved?  ,billing
Half my order is missing  ,delivery
I got someone else's order instead  ,delivery
The knob is loose  ,product
Ink cartridge missing  ,product
Feels very flimsy and cheap  ,product
My package is completely destroyed  ,delivery
The driver left before I could reach them  ,delivery
Wrong billing cycle  ,billing
No tracking update in 48 hours  ,delivery
Enough is enough  ,billing
The box was clearly opened before I got it  ,delivery
Keyboard keys are broken  ,product
Where’s the bill history? This came out of nowhere.  ,billing
I didn’t click subscribe.  ,billing
The price looks incorrect.  ,billing
This is an unauthorized transaction  ,billing
Sticker residue all over  ,product
My package looks like it was run over  ,delivery
What’s this mystery fee on my statement?  ,billing
You keep misdelivering my orders  ,delivery
You promised same-day delivery and lied  ,delivery
I didn’t get what I paid for  ,delivery
You promised to fix this last time  ,billing
"No photo proof, no package, no delivery  ",delivery
You promised no extra fees  ,billing
Lid doesn’t stay closed  ,product
This isn’t adding up  ,billing
This is really unprofessional  ,billing
Didn’t I cancel last month?  ,billing
Package jammed in my mailbox and bent  ,delivery
Too bulky for advertised use  ,product
It was left outside in the rain  ,delivery
No way to contact support  ,product
The wrong items were dropped off  ,delivery
Only works when plugged in  ,product
Please stop delivering to my neighbor  ,delivery
You’re billing me for something I canceled last year.  ,billing
Missing key features listed in the description  ,product
Why is this always happening to me?  ,delivery
The app lied about the time  ,delivery
I already paid for this  ,billing
Plastic is cracked on arrival  ,product
Still no replacement sent  ,delivery
The display is flickering  ,product
Instruction video doesn’t load  ,product
Stop billing me for someone else  ,billing
I got someone else’s order  ,product
This charge appeared out of nowhere  ,billing
I was charged twice for the same thing and I want a refund!  ,billing
I’m seeing an unfamiliar transaction  ,billing
Alarm doesn’t go off  ,product
"This was a gift, and now it’s ruined  ",delivery
You billed the wrong person.  ,billing
Fix your billing process  ,billing
Why was it delivered to someone else’s house?  ,delivery
There’s no transparency in these charges  ,billing
The product stopped working in a week  ,product
Wi-Fi constantly disconnects  ,product
The fabric is rough and uncomfortable  ,product
My loyalty discount didn’t apply  ,billing
You said two days—it's been two weeks  ,delivery
The switch fell off  ,product
Couldn’t install software  ,product
This was supposed to arrive yesterday  ,delivery
Why did this charge reappear?  ,billing
You sent me the European plug version  ,product
Why did this renew without warning?  ,billing
Item feels cheap and flimsy  ,product
You charged my expired card.  ,billing
Please credit this back ASAP  ,billing
Still no action on my request  ,billing
You never mentioned a renewal fee  ,billing
I got charged before the due date  ,billing
Why does my neighbor have all my packages?  ,delivery
One side is crushed  ,product
"You promised metal, this is plastic  ",product
Food arrived spilled and cold  ,delivery
That price is way above what’s reasonable.  ,billing
I received a used item  ,product
Tracking says delivered but mailbox is empty  ,delivery
I was home—no one knocked  ,delivery
This isn’t my purchase  ,billing
Everything is covered in sticky residue  ,product
Zipper stuck right away  ,product
The price changed mid-cycle  ,billing
The plan changed without consent  ,billing
Your customer service said this would be fixed.  ,billing
I don’t see this product on my order history.  ,billing
There’s no logic to your charges  ,billing
Every order I place ends up delayed  ,delivery
Clearly a cheap knockoff  ,product
Stop trying to sneak in extra charges  ,billing
Light never turns off  ,product
Why can’t they just read the instructions?  ,delivery
I’ve had it with your delivery screw-ups  ,delivery
"Your system says delivered, but I have nothing  ",delivery
They delivered without confirming my address  ,delivery
No customer service response  ,product
Why is this so difficult to resolve?  ,billing
"The driver didn’t knock, just left a slip  ",delivery
Adhesive already dried out  ,product
They didn’t knock or ring  ,delivery
I paid on time—why the late charge?  ,billing
Smells terrible and made my hands itch  ,product
Power button is stuck  ,product
Driver ignored my gate code  ,delivery
One side is missing entirely  ,product
The tracking keeps changing and it’s confusing  ,delivery
Gave me a rash  ,product
You’re ignoring my requests for redelivery  ,delivery
You didn’t follow any of the delivery instructions  ,delivery
Not the first time this has happened  ,delivery
It’s missing key items I paid for  ,delivery
I wasn’t even notified it had shipped  ,delivery
The app said it was free.  ,billing
No updates on my delayed delivery  ,delivery
You split my order and lost half  ,delivery
No attempt to deliver was made  ,delivery
Screen has dead pixels  ,product
The box is completely smashed  ,delivery
This is just garbage  ,product
Please stop using this delivery company  ,delivery
Cable doesn’t fit the device  ,product
They never followed special delivery instructions  ,delivery
That late fee shouldn’t be there.  ,billing
Doesn’t stay connected via Bluetooth  ,product
It was placed in a puddle  ,delivery
I updated my plan—why is it still wrong?  ,billing
How hard is it to follow simple directions?  ,delivery
Paint started bubbling  ,product
Legs don’t align  ,product
I’m done paying for your mistakes.  ,billing
Was expecting better quality for the price  ,product
"I downgraded, why am I still paying the full amount?  ",billing
You sent something completely different  ,product
How many times do I have to ask?  ,billing
They marked it delivered and it’s missing  ,delivery
My hand got cut opening it  ,product
I checked the fine print—this wasn’t in there.  ,billing
This has happened three times now.  ,billing
Your delivery times are completely unreliable  ,delivery
I found my package in the neighbor’s yard  ,delivery
The seal was broken when it arrived  ,product
You billed me after I deleted the app.  ,billing
I see a foreign transaction fee  ,billing
It made a loud pop and stopped working  ,product
I never received the service  ,billing
Why are you billing in advance?  ,billing
I didn’t upgrade my plan  ,billing
This monthly charge is unexpected  ,billing
Discs are unreadable  ,product
This was supposed to be overnight  ,delivery
Mirror warps image  ,product
I canceled the order and you sent it anyway  ,delivery
"No one rang the bell, and now it's gone  ",delivery
This was supposed to be a one-time purchase.  ,billing
Nothing was explained clearly  ,billing
Why does no one take responsibility?  ,delivery
I didn’t get what I paid for  ,billing
That isn’t what I authorized  ,billing
Your support team is ignoring my messages  ,product
I canceled and still got billed  ,billing
The tool bent instantly  ,product
There’s a giant hole in the package  ,delivery
This is the wrong currency.  ,billing
Only one setting works  ,product
Your team confirmed there’d be no charges.  ,billing
Don’t bill me again until this is fixed  ,billing
They refused to deliver to my floor  ,delivery
This fee came out of nowhere  ,billing
You messed up my statement  ,billing
Your billing practices are shady  ,billing
The box looks like it’s been kicked  ,delivery
You ignored the delivery instructions  ,delivery
Wrong app linked in instructions  ,product
Color is totally different in person  ,product
The package arrived ripped and leaking  ,delivery
Instructions are not in English  ,product
Package dumped at the end of my driveway  ,delivery
Your billing portal is broken.  ,billing
Doesn’t turn on  ,product
You didn’t include the warranty card  ,product
I told you not to leave it unattended  ,delivery
Dust inside the box  ,product
Stop charging me every week  ,billing
Everything arrived shattered  ,delivery
I didn’t renew anything  ,billing
How many times must I complain?  ,billing
It’s sitting at some facility with no movement  ,delivery
You keep making the same mistake.  ,billing
You never fixed the last mistake  ,delivery
It doesn’t inflate  ,product
All the settings reset randomly  ,product
I want a full statement now  ,billing
Too tight and uncomfortable  ,product
You billed for a service I never used  ,billing
"I ordered two, only got one  ",product
Order is marked delivered but I never got it  ,delivery
"Said new, but came in old packaging  ",product
The handle fell off during first use  ,product
You shipped to the wrong ZIP code  ,delivery
The invoice date is incorrect.  ,billing
Unbearable chemical smell  ,product
Clips broke immediately  ,product
Where’s the updated invoice?  ,billing
I waited all day for this?  ,delivery
No one can tell me where it is  ,delivery
LEDs are already dim  ,product
No one takes responsibility  ,billing
This isn't even my email.  ,billing
Left under my car?!  ,delivery
Screen is cracked  ,product
I got charged for something that never came  ,delivery
Product is crooked and off-center  ,product
Where is my overnight shipment?  ,delivery
You shipped it without any padding  ,product
"I ordered two, only received one  ",delivery
